{
    "B04.001.101": 4,
    "B04.023.02.008": 5,
    "B04.028.002": 2,
    "B04.029.006": 2,
    "B04.047.002": 25,
    "A11.12.009": 5,
    "B03.016.53061": 34,
    "A09.19.023.005": 50,
    "B03.016.53062": 244,
    "B03.016.06": 101,
    "A06.20.005": 144,
    "A12.20.001": 126,
    "A26.19.010": 50,
    "A05.10.004003": 7,
    "A12.25.001": 5,
    "B03.052.043": 13,
    "A04.20.001.002": 13,
    "A06.09.006": 45
}